{
  "__type__": "cc.SpriteFrame",
  "content": {
    "name": "Idle",
    "atlas": "",
    "rect": {
      "x": 6,
      "y": 2,
      "width": 341,
      "height": 30
    },
    "offset": {
      "x": 0.5,
      "y": -1
    },
    "originalSize": {
      "width": 352,
      "height": 32
    },
    "rotated": false,
    "capInsets": [
      0,
      0,
      0,
      0
    ],
    "vertices": {
      "rawPosition": [
        -170.5,
        -15,
        0,
        170.5,
        -15,
        0,
        -170.5,
        15,
        0,
        170.5,
        15,
        0
      ],
      "indexes": [
        0,
        1,
        2,
        2,
        1,
        3
      ],
      "uv": [
        6,
        30,
        347,
        30,
        6,
        0,
        347,
        0
      ],
      "nuv": [
        0.017045454545454544,
        0,
        0.9857954545454546,
        0,
        0.017045454545454544,
        0.9375,
        0.9857954545454546,
        0.9375
      ],
      "minPos": {
        "x": -170.5,
        "y": -15,
        "z": 0
      },
      "maxPos": {
        "x": 170.5,
        "y": 15,
        "z": 0
      }
    },
    "texture": "7692020f-5a9c-4b1c-a861-b20d8ef99d2d@6c48a",
    "packable": true,
    "pixelsToUnit": 100,
    "pivot": {
      "x": 0.5,
      "y": 0.5
    },
    "meshType": 0
  }
}