{
  "__type__": "cc.SpriteFrame",
  "content": {
    "name": "Run",
    "atlas": "",
    "rect": {
      "x": 12,
      "y": 18,
      "width": 553,
      "height": 30
    },
    "offset": {
      "x": 0.5,
      "y": -9
    },
    "originalSize": {
      "width": 576,
      "height": 48
    },
    "rotated": false,
    "capInsets": [
      0,
      0,
      0,
      0
    ],
    "vertices": {
      "rawPosition": [
        -276.5,
        -15,
        0,
        276.5,
        -15,
        0,
        -276.5,
        15,
        0,
        276.5,
        15,
        0
      ],
      "indexes": [
        0,
        1,
        2,
        2,
        1,
        3
      ],
      "uv": [
        12,
        30,
        565,
        30,
        12,
        0,
        565,
        0
      ],
      "nuv": [
        0.020833333333333332,
        0,
        0.9809027777777778,
        0,
        0.020833333333333332,
        0.625,
        0.9809027777777778,
        0.625
      ],
      "minPos": {
        "x": -276.5,
        "y": -15,
        "z": 0
      },
      "maxPos": {
        "x": 276.5,
        "y": 15,
        "z": 0
      }
    },
    "texture": "02af5e52-f179-4535-88fb-62c78d6ecf9c@6c48a",
    "packable": true,
    "pixelsToUnit": 100,
    "pivot": {
      "x": 0.5,
      "y": 0.5
    },
    "meshType": 0
  }
}