{
  "__type__": "cc.SpriteFrame",
  "content": {
    "name": "Idle",
    "atlas": "",
    "rect": {
      "x": 8,
      "y": 21,
      "width": 508,
      "height": 27
    },
    "offset": {
      "x": -2,
      "y": -10.5
    },
    "originalSize": {
      "width": 528,
      "height": 48
    },
    "rotated": false,
    "capInsets": [
      0,
      0,
      0,
      0
    ],
    "vertices": {
      "rawPosition": [
        -254,
        -13.5,
        0,
        254,
        -13.5,
        0,
        -254,
        13.5,
        0,
        254,
        13.5,
        0
      ],
      "indexes": [
        0,
        1,
        2,
        2,
        1,
        3
      ],
      "uv": [
        8,
        27,
        516,
        27,
        8,
        0,
        516,
        0
      ],
      "nuv": [
        0.015151515151515152,
        0,
        0.9772727272727273,
        0,
        0.015151515151515152,
        0.5625,
        0.9772727272727273,
        0.5625
      ],
      "minPos": {
        "x": -254,
        "y": -13.5,
        "z": 0
      },
      "maxPos": {
        "x": 254,
        "y": 13.5,
        "z": 0
      }
    },
    "texture": "aed561b4-54cd-4a61-9f83-ce0d8a696751@6c48a",
    "packable": true,
    "pixelsToUnit": 100,
    "pivot": {
      "x": 0.5,
      "y": 0.5
    },
    "meshType": 0
  }
}