{
  "__type__": "cc.SpriteFrame",
  "content": {
    "name": "bttn",
    "atlas": "",
    "rect": {
      "x": 74,
      "y": 41,
      "width": 480,
      "height": 245
    },
    "offset": {
      "x": 1,
      "y": 12
    },
    "originalSize": {
      "width": 626,
      "height": 351
    },
    "rotated": false,
    "capInsets": [
      0,
      0,
      0,
      0
    ],
    "vertices": {
      "rawPosition": [
        -240,
        -122.5,
        0,
        240,
        -122.5,
        0,
        -240,
        122.5,
        0,
        240,
        122.5,
        0
      ],
      "indexes": [
        0,
        1,
        2,
        2,
        1,
        3
      ],
      "uv": [
        74,
        310,
        554,
        310,
        74,
        65,
        554,
        65
      ],
      "nuv": [
        0.1182108626198083,
        0.18518518518518517,
        0.8849840255591054,
        0.18518518518518517,
        0.1182108626198083,
        0.8831908831908832,
        0.8849840255591054,
        0.8831908831908832
      ],
      "minPos": {
        "x": -240,
        "y": -122.5,
        "z": 0
      },
      "maxPos": {
        "x": 240,
        "y": 122.5,
        "z": 0
      }
    },
    "texture": "468b47c1-d4b4-4b6d-bcfa-7b0fe95a481f@6c48a",
    "packable": true,
    "pixelsToUnit": 100,
    "pivot": {
      "x": 0.5,
      "y": 0.5
    },
    "meshType": 0
  }
}