{
  "__type__": "cc.SpriteFrame",
  "content": {
    "name": "flag",
    "atlas": "",
    "rect": {
      "x": 3,
      "y": 3,
      "width": 27,
      "height": 347
    },
    "offset": {
      "x": 0.5,
      "y": -1.5
    },
    "originalSize": {
      "width": 32,
      "height": 350
    },
    "rotated": false,
    "capInsets": [
      0,
      0,
      0,
      0
    ],
    "vertices": {
      "rawPosition": [
        -13.5,
        -173.5,
        0,
        13.5,
        -173.5,
        0,
        -13.5,
        173.5,
        0,
        13.5,
        173.5,
        0
      ],
      "indexes": [
        0,
        1,
        2,
        2,
        1,
        3
      ],
      "uv": [
        3,
        347,
        30,
        347,
        3,
        0,
        30,
        0
      ],
      "nuv": [
        0.09375,
        0,
        0.9375,
        0,
        0.09375,
        0.9914285714285714,
        0.9375,
        0.9914285714285714
      ],
      "minPos": {
        "x": -13.5,
        "y": -173.5,
        "z": 0
      },
      "maxPos": {
        "x": 13.5,
        "y": 173.5,
        "z": 0
      }
    },
    "texture": "308c2e90-6955-4ce9-a297-1b079298e055@6c48a",
    "packable": true,
    "pixelsToUnit": 100,
    "pivot": {
      "x": 0.5,
      "y": 0.5
    },
    "meshType": 0
  }
}