{
  "__type__": "cc.SpriteFrame",
  "content": {
    "name": "Icon_24",
    "atlas": "",
    "rect": {
      "x": 4,
      "y": 4,
      "width": 9,
      "height": 9
    },
    "offset": {
      "x": 0,
      "y": 0
    },
    "originalSize": {
      "width": 17,
      "height": 17
    },
    "rotated": false,
    "capInsets": [
      0,
      0,
      0,
      0
    ],
    "vertices": {
      "rawPosition": [
        -4.5,
        -4.5,
        0,
        4.5,
        -4.5,
        0,
        -4.5,
        4.5,
        0,
        4.5,
        4.5,
        0
      ],
      "indexes": [
        0,
        1,
        2,
        2,
        1,
        3
      ],
      "uv": [
        4,
        13,
        13,
        13,
        4,
        4,
        13,
        4
      ],
      "nuv": [
        0.23529411764705882,
        0.23529411764705882,
        0.7647058823529411,
        0.23529411764705882,
        0.23529411764705882,
        0.7647058823529411,
        0.7647058823529411,
        0.7647058823529411
      ],
      "minPos": {
        "x": -4.5,
        "y": -4.5,
        "z": 0
      },
      "maxPos": {
        "x": 4.5,
        "y": 4.5,
        "z": 0
      }
    },
    "texture": "a078a0d4-19bc-4f99-a6f7-78abe1bc5fae@6c48a",
    "packable": true,
    "pixelsToUnit": 100,
    "pivot": {
      "x": 0.5,
      "y": 0.5
    },
    "meshType": 0
  }
}