{
  "__type__": "cc.SpriteFrame",
  "content": {
    "name": "run",
    "atlas": "",
    "rect": {
      "x": 3,
      "y": 2,
      "width": 223,
      "height": 28
    },
    "offset": {
      "x": 0.5,
      "y": 0
    },
    "originalSize": {
      "width": 228,
      "height": 32
    },
    "rotated": false,
    "capInsets": [
      0,
      0,
      0,
      0
    ],
    "vertices": {
      "rawPosition": [
        -111.5,
        -14,
        0,
        111.5,
        -14,
        0,
        -111.5,
        14,
        0,
        111.5,
        14,
        0
      ],
      "indexes": [
        0,
        1,
        2,
        2,
        1,
        3
      ],
      "uv": [
        3,
        30,
        226,
        30,
        3,
        2,
        226,
        2
      ],
      "nuv": [
        0.013157894736842105,
        0.0625,
        0.9912280701754386,
        0.0625,
        0.013157894736842105,
        0.9375,
        0.9912280701754386,
        0.9375
      ],
      "minPos": {
        "x": -111.5,
        "y": -14,
        "z": 0
      },
      "maxPos": {
        "x": 111.5,
        "y": 14,
        "z": 0
      }
    },
    "texture": "6c71ec0b-2bd1-4b3b-9172-cf81d7f599b5@6c48a",
    "packable": true,
    "pixelsToUnit": 100,
    "pivot": {
      "x": 0.5,
      "y": 0.5
    },
    "meshType": 0
  }
}