{
  "__type__": "cc.SpriteFrame",
  "content": {
    "name": "1",
    "atlas": "",
    "rect": {
      "x": 1,
      "y": 0,
      "width": 110,
      "height": 16
    },
    "offset": {
      "x": 0,
      "y": 0
    },
    "originalSize": {
      "width": 112,
      "height": 16
    },
    "rotated": false,
    "capInsets": [
      0,
      0,
      0,
      0
    ],
    "vertices": {
      "rawPosition": [
        -55,
        -8,
        0,
        55,
        -8,
        0,
        -55,
        8,
        0,
        55,
        8,
        0
      ],
      "indexes": [
        0,
        1,
        2,
        2,
        1,
        3
      ],
      "uv": [
        1,
        16,
        111,
        16,
        1,
        0,
        111,
        0
      ],
      "nuv": [
        0.008928571428571428,
        0,
        0.9910714285714286,
        0,
        0.008928571428571428,
        1,
        0.9910714285714286,
        1
      ],
      "minPos": {
        "x": -55,
        "y": -8,
        "z": 0
      },
      "maxPos": {
        "x": 55,
        "y": 8,
        "z": 0
      }
    },
    "texture": "3c9856d1-c1a6-4aa3-83e8-a6bc9c026708@6c48a",
    "packable": true,
    "pixelsToUnit": 100,
    "pivot": {
      "x": 0.5,
      "y": 0.5
    },
    "meshType": 0
  }
}