{
  "__type__": "cc.SpriteFrame",
  "content": {
    "name": "Pointer_Static",
    "atlas": "",
    "rect": {
      "x": 13,
      "y": 7,
      "width": 20,
      "height": 41
    },
    "offset": {
      "x": -1,
      "y": -3.5
    },
    "originalSize": {
      "width": 48,
      "height": 48
    },
    "rotated": false,
    "capInsets": [
      0,
      0,
      0,
      0
    ],
    "vertices": {
      "rawPosition": [
        -10,
        -20.5,
        0,
        10,
        -20.5,
        0,
        -10,
        20.5,
        0,
        10,
        20.5,
        0
      ],
      "indexes": [
        0,
        1,
        2,
        2,
        1,
        3
      ],
      "uv": [
        13,
        41,
        33,
        41,
        13,
        0,
        33,
        0
      ],
      "nuv": [
        0.2708333333333333,
        0,
        0.6875,
        0,
        0.2708333333333333,
        0.8541666666666666,
        0.6875,
        0.8541666666666666
      ],
      "minPos": {
        "x": -10,
        "y": -20.5,
        "z": 0
      },
      "maxPos": {
        "x": 10,
        "y": 20.5,
        "z": 0
      }
    },
    "texture": "5e55375b-4b6d-4d0e-8007-6d1169845290@6c48a",
    "packable": true,
    "pixelsToUnit": 100,
    "pivot": {
      "x": 0.5,
      "y": 0.5
    },
    "meshType": 0
  }
}