{
  "__type__": "cc.SpriteFrame",
  "content": {
    "name": "Run",
    "atlas": "",
    "rect": {
      "x": 6,
      "y": 2,
      "width": 374,
      "height": 30
    },
    "offset": {
      "x": 1,
      "y": -1
    },
    "originalSize": {
      "width": 384,
      "height": 32
    },
    "rotated": false,
    "capInsets": [
      0,
      0,
      0,
      0
    ],
    "vertices": {
      "rawPosition": [
        -187,
        -15,
        0,
        187,
        -15,
        0,
        -187,
        15,
        0,
        187,
        15,
        0
      ],
      "indexes": [
        0,
        1,
        2,
        2,
        1,
        3
      ],
      "uv": [
        6,
        30,
        380,
        30,
        6,
        0,
        380,
        0
      ],
      "nuv": [
        0.015625,
        0,
        0.9895833333333334,
        0,
        0.015625,
        0.9375,
        0.9895833333333334,
        0.9375
      ],
      "minPos": {
        "x": -187,
        "y": -15,
        "z": 0
      },
      "maxPos": {
        "x": 187,
        "y": 15,
        "z": 0
      }
    },
    "texture": "5ea1bf62-4b4d-437d-8b7c-40285730fe01@6c48a",
    "packable": true,
    "pixelsToUnit": 100,
    "pivot": {
      "x": 0.5,
      "y": 0.5
    },
    "meshType": 0
  }
}