{
  "__type__": "cc.SpriteFrame",
  "content": {
    "name": "Hit",
    "atlas": "",
    "rect": {
      "x": 7,
      "y": 0,
      "width": 213,
      "height": 32
    },
    "offset": {
      "x": 1.5,
      "y": 0
    },
    "originalSize": {
      "width": 224,
      "height": 32
    },
    "rotated": false,
    "capInsets": [
      0,
      0,
      0,
      0
    ],
    "vertices": {
      "rawPosition": [
        -106.5,
        -16,
        0,
        106.5,
        -16,
        0,
        -106.5,
        16,
        0,
        106.5,
        16,
        0
      ],
      "indexes": [
        0,
        1,
        2,
        2,
        1,
        3
      ],
      "uv": [
        7,
        32,
        220,
        32,
        7,
        0,
        220,
        0
      ],
      "nuv": [
        0.03125,
        0,
        0.9821428571428571,
        0,
        0.03125,
        1,
        0.9821428571428571,
        1
      ],
      "minPos": {
        "x": -106.5,
        "y": -16,
        "z": 0
      },
      "maxPos": {
        "x": 106.5,
        "y": 16,
        "z": 0
      }
    },
    "texture": "37a99f15-1af2-49b9-a450-e444c43b6255@6c48a",
    "packable": true,
    "pixelsToUnit": 100,
    "pivot": {
      "x": 0.5,
      "y": 0.5
    },
    "meshType": 0
  }
}