{
  "__type__": "cc.SpriteFrame",
  "content": {
    "name": "End_Pressed",
    "atlas": "",
    "rect": {
      "x": 10,
      "y": 0,
      "width": 431,
      "height": 64
    },
    "offset": {
      "x": 1.5,
      "y": 0
    },
    "originalSize": {
      "width": 448,
      "height": 64
    },
    "rotated": false,
    "capInsets": [
      0,
      0,
      0,
      0
    ],
    "vertices": {
      "rawPosition": [
        -215.5,
        -32,
        0,
        215.5,
        -32,
        0,
        -215.5,
        32,
        0,
        215.5,
        32,
        0
      ],
      "indexes": [
        0,
        1,
        2,
        2,
        1,
        3
      ],
      "uv": [
        10,
        64,
        441,
        64,
        10,
        0,
        441,
        0
      ],
      "nuv": [
        0.022321428571428572,
        0,
        0.984375,
        0,
        0.022321428571428572,
        1,
        0.984375,
        1
      ],
      "minPos": {
        "x": -215.5,
        "y": -32,
        "z": 0
      },
      "maxPos": {
        "x": 215.5,
        "y": 32,
        "z": 0
      }
    },
    "texture": "2dd9dc1b-f5ce-4113-acd9-9a3030a64ba9@6c48a",
    "packable": true,
    "pixelsToUnit": 100,
    "pivot": {
      "x": 0.5,
      "y": 0.5
    },
    "meshType": 0
  }
}