{
  "__type__": "cc.SpriteFrame",
  "content": {
    "name": "Desappearing",
    "atlas": "",
    "rect": {
      "x": 37,
      "y": 0,
      "width": 635,
      "height": 96
    },
    "offset": {
      "x": 18.5,
      "y": 0
    },
    "originalSize": {
      "width": 672,
      "height": 96
    },
    "rotated": false,
    "capInsets": [
      0,
      0,
      0,
      0
    ],
    "vertices": {
      "rawPosition": [
        -317.5,
        -48,
        0,
        317.5,
        -48,
        0,
        -317.5,
        48,
        0,
        317.5,
        48,
        0
      ],
      "indexes": [
        0,
        1,
        2,
        2,
        1,
        3
      ],
      "uv": [
        37,
        96,
        672,
        96,
        37,
        0,
        672,
        0
      ],
      "nuv": [
        0.05505952380952381,
        0,
        1,
        0,
        0.05505952380952381,
        1,
        1,
        1
      ],
      "minPos": {
        "x": -317.5,
        "y": -48,
        "z": 0
      },
      "maxPos": {
        "x": 317.5,
        "y": 48,
        "z": 0
      }
    },
    "texture": "c3c4585d-96e0-4af2-a749-2ee7af88647e@6c48a",
    "packable": true,
    "pixelsToUnit": 100,
    "pivot": {
      "x": 0.5,
      "y": 0.5
    },
    "meshType": 0
  }
}