{
  "__type__": "cc.SpriteFrame",
  "content": {
    "name": "1",
    "atlas": "",
    "rect": {
      "x": 8,
      "y": 22,
      "width": 320,
      "height": 26
    },
    "offset": {
      "x": 0,
      "y": -11
    },
    "originalSize": {
      "width": 336,
      "height": 48
    },
    "rotated": false,
    "capInsets": [
      0,
      0,
      0,
      0
    ],
    "vertices": {
      "rawPosition": [
        -160,
        -13,
        0,
        160,
        -13,
        0,
        -160,
        13,
        0,
        160,
        13,
        0
      ],
      "indexes": [
        0,
        1,
        2,
        2,
        1,
        3
      ],
      "uv": [
        8,
        26,
        328,
        26,
        8,
        0,
        328,
        0
      ],
      "nuv": [
        0.023809523809523808,
        0,
        0.9761904761904762,
        0,
        0.023809523809523808,
        0.5416666666666666,
        0.9761904761904762,
        0.5416666666666666
      ],
      "minPos": {
        "x": -160,
        "y": -13,
        "z": 0
      },
      "maxPos": {
        "x": 160,
        "y": 13,
        "z": 0
      }
    },
    "texture": "ceed4e94-27a4-4a78-971d-42bcdc223efe@6c48a",
    "packable": true,
    "pixelsToUnit": 100,
    "pivot": {
      "x": 0.5,
      "y": 0.5
    },
    "meshType": 0
  }
}