{
  "__type__": "cc.SpriteFrame",
  "content": {
    "name": "Hit",
    "atlas": "",
    "rect": {
      "x": 35,
      "y": 24,
      "width": 312,
      "height": 24
    },
    "offset": {
      "x": 11,
      "y": -12
    },
    "originalSize": {
      "width": 360,
      "height": 48
    },
    "rotated": false,
    "capInsets": [
      0,
      0,
      0,
      0
    ],
    "vertices": {
      "rawPosition": [
        -156,
        -12,
        0,
        156,
        -12,
        0,
        -156,
        12,
        0,
        156,
        12,
        0
      ],
      "indexes": [
        0,
        1,
        2,
        2,
        1,
        3
      ],
      "uv": [
        35,
        24,
        347,
        24,
        35,
        0,
        347,
        0
      ],
      "nuv": [
        0.09722222222222222,
        0,
        0.9638888888888889,
        0,
        0.09722222222222222,
        0.5,
        0.9638888888888889,
        0.5
      ],
      "minPos": {
        "x": -156,
        "y": -12,
        "z": 0
      },
      "maxPos": {
        "x": 156,
        "y": 12,
        "z": 0
      }
    },
    "texture": "22eb6ed7-38de-4c92-97b2-b738ccf6a432@6c48a",
    "packable": true,
    "pixelsToUnit": 100,
    "pivot": {
      "x": 0.5,
      "y": 0.5
    },
    "meshType": 0
  }
}