{
  "__type__": "cc.SpriteFrame",
  "content": {
    "name": "Stun",
    "atlas": "",
    "rect": {
      "x": 11,
      "y": 14,
      "width": 359,
      "height": 34
    },
    "offset": {
      "x": -1.5,
      "y": -7
    },
    "originalSize": {
      "width": 384,
      "height": 48
    },
    "rotated": false,
    "capInsets": [
      0,
      0,
      0,
      0
    ],
    "vertices": {
      "rawPosition": [
        -179.5,
        -17,
        0,
        179.5,
        -17,
        0,
        -179.5,
        17,
        0,
        179.5,
        17,
        0
      ],
      "indexes": [
        0,
        1,
        2,
        2,
        1,
        3
      ],
      "uv": [
        11,
        34,
        370,
        34,
        11,
        0,
        370,
        0
      ],
      "nuv": [
        0.028645833333333332,
        0,
        0.9635416666666666,
        0,
        0.028645833333333332,
        0.7083333333333334,
        0.9635416666666666,
        0.7083333333333334
      ],
      "minPos": {
        "x": -179.5,
        "y": -17,
        "z": 0
      },
      "maxPos": {
        "x": 179.5,
        "y": 17,
        "z": 0
      }
    },
    "texture": "c7d89a13-1a57-4066-beee-2ddf44ee6723@6c48a",
    "packable": true,
    "pixelsToUnit": 100,
    "pivot": {
      "x": 0.5,
      "y": 0.5
    },
    "meshType": 0
  }
}