{
  "__type__": "cc.SpriteFrame",
  "content": {
    "name": "Hit",
    "atlas": "",
    "rect": {
      "x": 11,
      "y": 21,
      "width": 215,
      "height": 27
    },
    "offset": {
      "x": -1.5,
      "y": -10.5
    },
    "originalSize": {
      "width": 240,
      "height": 48
    },
    "rotated": false,
    "capInsets": [
      0,
      0,
      0,
      0
    ],
    "vertices": {
      "rawPosition": [
        -107.5,
        -13.5,
        0,
        107.5,
        -13.5,
        0,
        -107.5,
        13.5,
        0,
        107.5,
        13.5,
        0
      ],
      "indexes": [
        0,
        1,
        2,
        2,
        1,
        3
      ],
      "uv": [
        11,
        27,
        226,
        27,
        11,
        0,
        226,
        0
      ],
      "nuv": [
        0.04583333333333333,
        0,
        0.9416666666666667,
        0,
        0.04583333333333333,
        0.5625,
        0.9416666666666667,
        0.5625
      ],
      "minPos": {
        "x": -107.5,
        "y": -13.5,
        "z": 0
      },
      "maxPos": {
        "x": 107.5,
        "y": 13.5,
        "z": 0
      }
    },
    "texture": "4331de6d-2ef4-48f9-a2df-6751f2204ad7@6c48a",
    "packable": true,
    "pixelsToUnit": 100,
    "pivot": {
      "x": 0.5,
      "y": 0.5
    },
    "meshType": 0
  }
}