{
  "__type__": "cc.SpriteFrame",
  "content": {
    "name": "Icon_13",
    "atlas": "",
    "rect": {
      "x": 3,
      "y": 4,
      "width": 11,
      "height": 9
    },
    "offset": {
      "x": 0,
      "y": 0
    },
    "originalSize": {
      "width": 17,
      "height": 17
    },
    "rotated": false,
    "capInsets": [
      0,
      0,
      0,
      0
    ],
    "vertices": {
      "rawPosition": [
        -5.5,
        -4.5,
        0,
        5.5,
        -4.5,
        0,
        -5.5,
        4.5,
        0,
        5.5,
        4.5,
        0
      ],
      "indexes": [
        0,
        1,
        2,
        2,
        1,
        3
      ],
      "uv": [
        3,
        13,
        14,
        13,
        3,
        4,
        14,
        4
      ],
      "nuv": [
        0.17647058823529413,
        0.23529411764705882,
        0.8235294117647058,
        0.23529411764705882,
        0.17647058823529413,
        0.7647058823529411,
        0.8235294117647058,
        0.7647058823529411
      ],
      "minPos": {
        "x": -5.5,
        "y": -4.5,
        "z": 0
      },
      "maxPos": {
        "x": 5.5,
        "y": 4.5,
        "z": 0
      }
    },
    "texture": "43512ad0-7bf5-49fc-b05f-f565ccdf34f6@6c48a",
    "packable": true,
    "pixelsToUnit": 100,
    "pivot": {
      "x": 0.5,
      "y": 0.5
    },
    "meshType": 0
  }
}