{
  "__type__": "cc.SpriteFrame",
  "content": {
    "name": "Charge",
    "atlas": "",
    "rect": {
      "x": 11,
      "y": 17,
      "width": 552,
      "height": 31
    },
    "offset": {
      "x": -1,
      "y": -8.5
    },
    "originalSize": {
      "width": 576,
      "height": 48
    },
    "rotated": false,
    "capInsets": [
      0,
      0,
      0,
      0
    ],
    "vertices": {
      "rawPosition": [
        -276,
        -15.5,
        0,
        276,
        -15.5,
        0,
        -276,
        15.5,
        0,
        276,
        15.5,
        0
      ],
      "indexes": [
        0,
        1,
        2,
        2,
        1,
        3
      ],
      "uv": [
        11,
        31,
        563,
        31,
        11,
        0,
        563,
        0
      ],
      "nuv": [
        0.019097222222222224,
        0,
        0.9774305555555556,
        0,
        0.019097222222222224,
        0.6458333333333334,
        0.9774305555555556,
        0.6458333333333334
      ],
      "minPos": {
        "x": -276,
        "y": -15.5,
        "z": 0
      },
      "maxPos": {
        "x": 276,
        "y": 15.5,
        "z": 0
      }
    },
    "texture": "c2d5a96a-4fd6-4f9c-a323-93b292b2a79f@6c48a",
    "packable": true,
    "pixelsToUnit": 100,
    "pivot": {
      "x": 0.5,
      "y": 0.5
    },
    "meshType": 0
  }
}