{
  "__type__": "cc.SpriteFrame",
  "content": {
    "name": "Hit",
    "atlas": "",
    "rect": {
      "x": 6,
      "y": 22,
      "width": 222,
      "height": 26
    },
    "offset": {
      "x": -3,
      "y": -11
    },
    "originalSize": {
      "width": 240,
      "height": 48
    },
    "rotated": false,
    "capInsets": [
      0,
      0,
      0,
      0
    ],
    "vertices": {
      "rawPosition": [
        -111,
        -13,
        0,
        111,
        -13,
        0,
        -111,
        13,
        0,
        111,
        13,
        0
      ],
      "indexes": [
        0,
        1,
        2,
        2,
        1,
        3
      ],
      "uv": [
        6,
        26,
        228,
        26,
        6,
        0,
        228,
        0
      ],
      "nuv": [
        0.025,
        0,
        0.95,
        0,
        0.025,
        0.5416666666666666,
        0.95,
        0.5416666666666666
      ],
      "minPos": {
        "x": -111,
        "y": -13,
        "z": 0
      },
      "maxPos": {
        "x": 111,
        "y": 13,
        "z": 0
      }
    },
    "texture": "b2c52944-8809-4bb2-9cea-371c1dadfec6@6c48a",
    "packable": true,
    "pixelsToUnit": 100,
    "pivot": {
      "x": 0.5,
      "y": 0.5
    },
    "meshType": 0
  }
}