{
  "__type__": "cc.SpriteFrame",
  "content": {
    "name": "Idle",
    "atlas": "",
    "rect": {
      "x": 9,
      "y": 2,
      "width": 269,
      "height": 32
    },
    "offset": {
      "x": -0.5,
      "y": 6
    },
    "originalSize": {
      "width": 288,
      "height": 48
    },
    "rotated": false,
    "capInsets": [
      0,
      0,
      0,
      0
    ],
    "vertices": {
      "rawPosition": [
        -134.5,
        -16,
        0,
        134.5,
        -16,
        0,
        -134.5,
        16,
        0,
        134.5,
        16,
        0
      ],
      "indexes": [
        0,
        1,
        2,
        2,
        1,
        3
      ],
      "uv": [
        9,
        46,
        278,
        46,
        9,
        14,
        278,
        14
      ],
      "nuv": [
        0.03125,
        0.2916666666666667,
        0.9652777777777778,
        0.2916666666666667,
        0.03125,
        0.9583333333333334,
        0.9652777777777778,
        0.9583333333333334
      ],
      "minPos": {
        "x": -134.5,
        "y": -16,
        "z": 0
      },
      "maxPos": {
        "x": 134.5,
        "y": 16,
        "z": 0
      }
    },
    "texture": "7d84a797-6b33-4ebc-91ae-489326ce7ca4@6c48a",
    "packable": true,
    "pixelsToUnit": 100,
    "pivot": {
      "x": 0.5,
      "y": 0.5
    },
    "meshType": 0
  }
}