{
  "__type__": "cc.SpriteFrame",
  "content": {
    "name": "Fall",
    "atlas": "",
    "rect": {
      "x": 12,
      "y": 17,
      "width": 119,
      "height": 31
    },
    "offset": {
      "x": -0.5,
      "y": -8.5
    },
    "originalSize": {
      "width": 144,
      "height": 48
    },
    "rotated": false,
    "capInsets": [
      0,
      0,
      0,
      0
    ],
    "vertices": {
      "rawPosition": [
        -59.5,
        -15.5,
        0,
        59.5,
        -15.5,
        0,
        -59.5,
        15.5,
        0,
        59.5,
        15.5,
        0
      ],
      "indexes": [
        0,
        1,
        2,
        2,
        1,
        3
      ],
      "uv": [
        12,
        31,
        131,
        31,
        12,
        0,
        131,
        0
      ],
      "nuv": [
        0.08333333333333333,
        0,
        0.9097222222222222,
        0,
        0.08333333333333333,
        0.6458333333333334,
        0.9097222222222222,
        0.6458333333333334
      ],
      "minPos": {
        "x": -59.5,
        "y": -15.5,
        "z": 0
      },
      "maxPos": {
        "x": 59.5,
        "y": 15.5,
        "z": 0
      }
    },
    "texture": "d74472ec-9da7-4ad4-b1e6-fcb6219a2c7d@6c48a",
    "packable": true,
    "pixelsToUnit": 100,
    "pivot": {
      "x": 0.5,
      "y": 0.5
    },
    "meshType": 0
  }
}