{
  "__type__": "cc.SpriteFrame",
  "content": {
    "name": "Hit",
    "atlas": "",
    "rect": {
      "x": 10,
      "y": 19,
      "width": 217,
      "height": 29
    },
    "offset": {
      "x": -1.5,
      "y": -9.5
    },
    "originalSize": {
      "width": 240,
      "height": 48
    },
    "rotated": false,
    "capInsets": [
      0,
      0,
      0,
      0
    ],
    "vertices": {
      "rawPosition": [
        -108.5,
        -14.5,
        0,
        108.5,
        -14.5,
        0,
        -108.5,
        14.5,
        0,
        108.5,
        14.5,
        0
      ],
      "indexes": [
        0,
        1,
        2,
        2,
        1,
        3
      ],
      "uv": [
        10,
        29,
        227,
        29,
        10,
        0,
        227,
        0
      ],
      "nuv": [
        0.041666666666666664,
        0,
        0.9458333333333333,
        0,
        0.041666666666666664,
        0.6041666666666666,
        0.9458333333333333,
        0.6041666666666666
      ],
      "minPos": {
        "x": -108.5,
        "y": -14.5,
        "z": 0
      },
      "maxPos": {
        "x": 108.5,
        "y": 14.5,
        "z": 0
      }
    },
    "texture": "087f0d06-2ed5-400f-a14d-a41aed89cfbd@6c48a",
    "packable": true,
    "pixelsToUnit": 100,
    "pivot": {
      "x": 0.5,
      "y": 0.5
    },
    "meshType": 0
  }
}