{
  "__type__": "cc.SpriteFrame",
  "content": {
    "name": "Double_Jump",
    "atlas": "",
    "rect": {
      "x": 3,
      "y": 3,
      "width": 186,
      "height": 28
    },
    "offset": {
      "x": 0,
      "y": -1
    },
    "originalSize": {
      "width": 192,
      "height": 32
    },
    "rotated": false,
    "capInsets": [
      0,
      0,
      0,
      0
    ],
    "vertices": {
      "rawPosition": [
        -93,
        -14,
        0,
        93,
        -14,
        0,
        -93,
        14,
        0,
        93,
        14,
        0
      ],
      "indexes": [
        0,
        1,
        2,
        2,
        1,
        3
      ],
      "uv": [
        3,
        29,
        189,
        29,
        3,
        1,
        189,
        1
      ],
      "nuv": [
        0.015625,
        0.03125,
        0.984375,
        0.03125,
        0.015625,
        0.90625,
        0.984375,
        0.90625
      ],
      "minPos": {
        "x": -93,
        "y": -14,
        "z": 0
      },
      "maxPos": {
        "x": 93,
        "y": 14,
        "z": 0
      }
    },
    "texture": "7e76e930-f2f3-4de0-b664-0412a96b0f3b@6c48a",
    "packable": true,
    "pixelsToUnit": 100,
    "pivot": {
      "x": 0.5,
      "y": 0.5
    },
    "meshType": 0
  }
}