{
  "__type__": "cc.SpriteFrame",
  "content": {
    "name": "idle",
    "atlas": "",
    "rect": {
      "x": 3,
      "y": 3,
      "width": 23,
      "height": 159
    },
    "offset": {
      "x": 0.5,
      "y": -1.5
    },
    "originalSize": {
      "width": 28,
      "height": 162
    },
    "rotated": false,
    "capInsets": [
      0,
      0,
      0,
      0
    ],
    "vertices": {
      "rawPosition": [
        -11.5,
        -79.5,
        0,
        11.5,
        -79.5,
        0,
        -11.5,
        79.5,
        0,
        11.5,
        79.5,
        0
      ],
      "indexes": [
        0,
        1,
        2,
        2,
        1,
        3
      ],
      "uv": [
        3,
        159,
        26,
        159,
        3,
        0,
        26,
        0
      ],
      "nuv": [
        0.10714285714285714,
        0,
        0.9285714285714286,
        0,
        0.10714285714285714,
        0.9814814814814815,
        0.9285714285714286,
        0.9814814814814815
      ],
      "minPos": {
        "x": -11.5,
        "y": -79.5,
        "z": 0
      },
      "maxPos": {
        "x": 11.5,
        "y": 79.5,
        "z": 0
      }
    },
    "texture": "7ef5cc7f-794e-402d-a727-d79c58203f44@6c48a",
    "packable": true,
    "pixelsToUnit": 100,
    "pivot": {
      "x": 0.5,
      "y": 0.5
    },
    "meshType": 0
  }
}