{
  "__type__": "cc.SpriteFrame",
  "content": {
    "name": "Jump",
    "atlas": "",
    "rect": {
      "x": 13,
      "y": 16,
      "width": 118,
      "height": 32
    },
    "offset": {
      "x": 0,
      "y": -8
    },
    "originalSize": {
      "width": 144,
      "height": 48
    },
    "rotated": false,
    "capInsets": [
      0,
      0,
      0,
      0
    ],
    "vertices": {
      "rawPosition": [
        -59,
        -16,
        0,
        59,
        -16,
        0,
        -59,
        16,
        0,
        59,
        16,
        0
      ],
      "indexes": [
        0,
        1,
        2,
        2,
        1,
        3
      ],
      "uv": [
        13,
        32,
        131,
        32,
        13,
        0,
        131,
        0
      ],
      "nuv": [
        0.09027777777777778,
        0,
        0.9097222222222222,
        0,
        0.09027777777777778,
        0.6666666666666666,
        0.9097222222222222,
        0.6666666666666666
      ],
      "minPos": {
        "x": -59,
        "y": -16,
        "z": 0
      },
      "maxPos": {
        "x": 59,
        "y": 16,
        "z": 0
      }
    },
    "texture": "875dda1e-1baa-40b4-ab01-1ec3bfe91bd6@6c48a",
    "packable": true,
    "pixelsToUnit": 100,
    "pivot": {
      "x": 0.5,
      "y": 0.5
    },
    "meshType": 0
  }
}