{
  "__type__": "cc.SpriteFrame",
  "content": {
    "name": "Run",
    "atlas": "",
    "rect": {
      "x": 5,
      "y": 1,
      "width": 376,
      "height": 31
    },
    "offset": {
      "x": 1,
      "y": -0.5
    },
    "originalSize": {
      "width": 384,
      "height": 32
    },
    "rotated": false,
    "capInsets": [
      0,
      0,
      0,
      0
    ],
    "vertices": {
      "rawPosition": [
        -188,
        -15.5,
        0,
        188,
        -15.5,
        0,
        -188,
        15.5,
        0,
        188,
        15.5,
        0
      ],
      "indexes": [
        0,
        1,
        2,
        2,
        1,
        3
      ],
      "uv": [
        5,
        31,
        381,
        31,
        5,
        0,
        381,
        0
      ],
      "nuv": [
        0.013020833333333334,
        0,
        0.9921875,
        0,
        0.013020833333333334,
        0.96875,
        0.9921875,
        0.96875
      ],
      "minPos": {
        "x": -188,
        "y": -15.5,
        "z": 0
      },
      "maxPos": {
        "x": 188,
        "y": 15.5,
        "z": 0
      }
    },
    "texture": "18a8e066-e11f-48d3-b211-3d1d361409cc@6c48a",
    "packable": true,
    "pixelsToUnit": 100,
    "pivot": {
      "x": 0.5,
      "y": 0.5
    },
    "meshType": 0
  }
}