{
  "__type__": "cc.SpriteFrame",
  "content": {
    "name": "Idle",
    "atlas": "",
    "rect": {
      "x": 13,
      "y": 18,
      "width": 502,
      "height": 30
    },
    "offset": {
      "x": 0,
      "y": -9
    },
    "originalSize": {
      "width": 528,
      "height": 48
    },
    "rotated": false,
    "capInsets": [
      0,
      0,
      0,
      0
    ],
    "vertices": {
      "rawPosition": [
        -251,
        -15,
        0,
        251,
        -15,
        0,
        -251,
        15,
        0,
        251,
        15,
        0
      ],
      "indexes": [
        0,
        1,
        2,
        2,
        1,
        3
      ],
      "uv": [
        13,
        30,
        515,
        30,
        13,
        0,
        515,
        0
      ],
      "nuv": [
        0.02462121212121212,
        0,
        0.9753787878787878,
        0,
        0.02462121212121212,
        0.625,
        0.9753787878787878,
        0.625
      ],
      "minPos": {
        "x": -251,
        "y": -15,
        "z": 0
      },
      "maxPos": {
        "x": 251,
        "y": 15,
        "z": 0
      }
    },
    "texture": "37efe705-b347-4fe8-ae70-3631561af9ee@6c48a",
    "packable": true,
    "pixelsToUnit": 100,
    "pivot": {
      "x": 0.5,
      "y": 0.5
    },
    "meshType": 0
  }
}