{
  "__type__": "cc.SpriteFrame",
  "content": {
    "name": "coin",
    "atlas": "",
    "rect": {
      "x": 2,
      "y": 2,
      "width": 84,
      "height": 12
    },
    "offset": {
      "x": 0,
      "y": 0
    },
    "originalSize": {
      "width": 88,
      "height": 16
    },
    "rotated": false,
    "capInsets": [
      0,
      0,
      0,
      0
    ],
    "vertices": {
      "rawPosition": [
        -42,
        -6,
        0,
        42,
        -6,
        0,
        -42,
        6,
        0,
        42,
        6,
        0
      ],
      "indexes": [
        0,
        1,
        2,
        2,
        1,
        3
      ],
      "uv": [
        2,
        14,
        86,
        14,
        2,
        2,
        86,
        2
      ],
      "nuv": [
        0.022727272727272728,
        0.125,
        0.9772727272727273,
        0.125,
        0.022727272727272728,
        0.875,
        0.9772727272727273,
        0.875
      ],
      "minPos": {
        "x": -42,
        "y": -6,
        "z": 0
      },
      "maxPos": {
        "x": 42,
        "y": 6,
        "z": 0
      }
    },
    "texture": "7cf1996f-ceca-4d58-bb35-37eb4ea534e0@6c48a",
    "packable": true,
    "pixelsToUnit": 100,
    "pivot": {
      "x": 0.5,
      "y": 0.5
    },
    "meshType": 0
  }
}