{
  "__type__": "cc.SpriteFrame",
  "content": {
    "name": "Pointer_Idle",
    "atlas": "",
    "rect": {
      "x": 13,
      "y": 4,
      "width": 308,
      "height": 44
    },
    "offset": {
      "x": -1,
      "y": -2
    },
    "originalSize": {
      "width": 336,
      "height": 48
    },
    "rotated": false,
    "capInsets": [
      0,
      0,
      0,
      0
    ],
    "vertices": {
      "rawPosition": [
        -154,
        -22,
        0,
        154,
        -22,
        0,
        -154,
        22,
        0,
        154,
        22,
        0
      ],
      "indexes": [
        0,
        1,
        2,
        2,
        1,
        3
      ],
      "uv": [
        13,
        44,
        321,
        44,
        13,
        0,
        321,
        0
      ],
      "nuv": [
        0.03869047619047619,
        0,
        0.9553571428571429,
        0,
        0.03869047619047619,
        0.9166666666666666,
        0.9553571428571429,
        0.9166666666666666
      ],
      "minPos": {
        "x": -154,
        "y": -22,
        "z": 0
      },
      "maxPos": {
        "x": 154,
        "y": 22,
        "z": 0
      }
    },
    "texture": "42670c74-789a-4b6c-9e61-d5f792b262bf@6c48a",
    "packable": true,
    "pixelsToUnit": 100,
    "pivot": {
      "x": 0.5,
      "y": 0.5
    },
    "meshType": 0
  }
}