{
  "__type__": "cc.SpriteFrame",
  "content": {
    "name": "Idle",
    "atlas": "",
    "rect": {
      "x": 38,
      "y": 23,
      "width": 741,
      "height": 25
    },
    "offset": {
      "x": 12.5,
      "y": -11.5
    },
    "originalSize": {
      "width": 792,
      "height": 48
    },
    "rotated": false,
    "capInsets": [
      0,
      0,
      0,
      0
    ],
    "vertices": {
      "rawPosition": [
        -370.5,
        -12.5,
        0,
        370.5,
        -12.5,
        0,
        -370.5,
        12.5,
        0,
        370.5,
        12.5,
        0
      ],
      "indexes": [
        0,
        1,
        2,
        2,
        1,
        3
      ],
      "uv": [
        38,
        25,
        779,
        25,
        38,
        0,
        779,
        0
      ],
      "nuv": [
        0.047979797979797977,
        0,
        0.9835858585858586,
        0,
        0.047979797979797977,
        0.5208333333333334,
        0.9835858585858586,
        0.5208333333333334
      ],
      "minPos": {
        "x": -370.5,
        "y": -12.5,
        "z": 0
      },
      "maxPos": {
        "x": 370.5,
        "y": 12.5,
        "z": 0
      }
    },
    "texture": "0327cbc7-36af-4e64-9c6b-9fb8208c5d19@6c48a",
    "packable": true,
    "pixelsToUnit": 100,
    "pivot": {
      "x": 0.5,
      "y": 0.5
    },
    "meshType": 0
  }
}