{
  "__type__": "cc.SpriteFrame",
  "content": {
    "name": "Walk",
    "atlas": "",
    "rect": {
      "x": 8,
      "y": 19,
      "width": 557,
      "height": 29
    },
    "offset": {
      "x": -1.5,
      "y": -9.5
    },
    "originalSize": {
      "width": 576,
      "height": 48
    },
    "rotated": false,
    "capInsets": [
      0,
      0,
      0,
      0
    ],
    "vertices": {
      "rawPosition": [
        -278.5,
        -14.5,
        0,
        278.5,
        -14.5,
        0,
        -278.5,
        14.5,
        0,
        278.5,
        14.5,
        0
      ],
      "indexes": [
        0,
        1,
        2,
        2,
        1,
        3
      ],
      "uv": [
        8,
        29,
        565,
        29,
        8,
        0,
        565,
        0
      ],
      "nuv": [
        0.013888888888888888,
        0,
        0.9809027777777778,
        0,
        0.013888888888888888,
        0.6041666666666666,
        0.9809027777777778,
        0.6041666666666666
      ],
      "minPos": {
        "x": -278.5,
        "y": -14.5,
        "z": 0
      },
      "maxPos": {
        "x": 278.5,
        "y": 14.5,
        "z": 0
      }
    },
    "texture": "03fc365e-bc02-41c2-960b-dfeaf07902f6@6c48a",
    "packable": true,
    "pixelsToUnit": 100,
    "pivot": {
      "x": 0.5,
      "y": 0.5
    },
    "meshType": 0
  }
}