{
  "__type__": "cc.SpriteFrame",
  "content": {
    "name": "Attack",
    "atlas": "",
    "rect": {
      "x": 38,
      "y": 23,
      "width": 525,
      "height": 25
    },
    "offset": {
      "x": 12.5,
      "y": -11.5
    },
    "originalSize": {
      "width": 576,
      "height": 48
    },
    "rotated": false,
    "capInsets": [
      0,
      0,
      0,
      0
    ],
    "vertices": {
      "rawPosition": [
        -262.5,
        -12.5,
        0,
        262.5,
        -12.5,
        0,
        -262.5,
        12.5,
        0,
        262.5,
        12.5,
        0
      ],
      "indexes": [
        0,
        1,
        2,
        2,
        1,
        3
      ],
      "uv": [
        38,
        25,
        563,
        25,
        38,
        0,
        563,
        0
      ],
      "nuv": [
        0.06597222222222222,
        0,
        0.9774305555555556,
        0,
        0.06597222222222222,
        0.5208333333333334,
        0.9774305555555556,
        0.5208333333333334
      ],
      "minPos": {
        "x": -262.5,
        "y": -12.5,
        "z": 0
      },
      "maxPos": {
        "x": 262.5,
        "y": 12.5,
        "z": 0
      }
    },
    "texture": "b304f4dd-e509-4aae-a2eb-7106d9a9d9d5@6c48a",
    "packable": true,
    "pixelsToUnit": 100,
    "pivot": {
      "x": 0.5,
      "y": 0.5
    },
    "meshType": 0
  }
}