{
  "__type__": "cc.SpriteFrame",
  "content": {
    "name": "Checkpoint_Flag_Idle2",
    "atlas": "",
    "rect": {
      "x": 19,
      "y": 2,
      "width": 315,
      "height": 46
    },
    "offset": {
      "x": 8.5,
      "y": -1
    },
    "originalSize": {
      "width": 336,
      "height": 48
    },
    "rotated": false,
    "capInsets": [
      0,
      0,
      0,
      0
    ],
    "vertices": {
      "rawPosition": [
        -157.5,
        -23,
        0,
        157.5,
        -23,
        0,
        -157.5,
        23,
        0,
        157.5,
        23,
        0
      ],
      "indexes": [
        0,
        1,
        2,
        2,
        1,
        3
      ],
      "uv": [
        19,
        46,
        334,
        46,
        19,
        0,
        334,
        0
      ],
      "nuv": [
        0.05654761904761905,
        0,
        0.9940476190476191,
        0,
        0.05654761904761905,
        0.9583333333333334,
        0.9940476190476191,
        0.9583333333333334
      ],
      "minPos": {
        "x": -157.5,
        "y": -23,
        "z": 0
      },
      "maxPos": {
        "x": 157.5,
        "y": 23,
        "z": 0
      }
    },
    "texture": "79b94a99-3882-4dd7-84de-7c843f2b223d@6c48a",
    "packable": true,
    "pixelsToUnit": 100,
    "pivot": {
      "x": 0.5,
      "y": 0.5
    },
    "meshType": 0
  }
}