{
  "__type__": "cc.SpriteFrame",
  "content": {
    "name": "2",
    "atlas": "",
    "rect": {
      "x": 9,
      "y": 8,
      "width": 318,
      "height": 32
    },
    "offset": {
      "x": 0,
      "y": 0
    },
    "originalSize": {
      "width": 336,
      "height": 48
    },
    "rotated": false,
    "capInsets": [
      0,
      0,
      0,
      0
    ],
    "vertices": {
      "rawPosition": [
        -159,
        -16,
        0,
        159,
        -16,
        0,
        -159,
        16,
        0,
        159,
        16,
        0
      ],
      "indexes": [
        0,
        1,
        2,
        2,
        1,
        3
      ],
      "uv": [
        9,
        40,
        327,
        40,
        9,
        8,
        327,
        8
      ],
      "nuv": [
        0.026785714285714284,
        0.16666666666666666,
        0.9732142857142857,
        0.16666666666666666,
        0.026785714285714284,
        0.8333333333333334,
        0.9732142857142857,
        0.8333333333333334
      ],
      "minPos": {
        "x": -159,
        "y": -16,
        "z": 0
      },
      "maxPos": {
        "x": 159,
        "y": 16,
        "z": 0
      }
    },
    "texture": "d985330b-c1b5-4688-9b1f-f531f54dfdf5@6c48a",
    "packable": true,
    "pixelsToUnit": 100,
    "pivot": {
      "x": 0.5,
      "y": 0.5
    },
    "meshType": 0
  }
}