{
  "__type__": "cc.SpriteFrame",
  "content": {
    "name": "Idle",
    "atlas": "",
    "rect": {
      "x": 12,
      "y": 21,
      "width": 504,
      "height": 27
    },
    "offset": {
      "x": 0,
      "y": -10.5
    },
    "originalSize": {
      "width": 528,
      "height": 48
    },
    "rotated": false,
    "capInsets": [
      0,
      0,
      0,
      0
    ],
    "vertices": {
      "rawPosition": [
        -252,
        -13.5,
        0,
        252,
        -13.5,
        0,
        -252,
        13.5,
        0,
        252,
        13.5,
        0
      ],
      "indexes": [
        0,
        1,
        2,
        2,
        1,
        3
      ],
      "uv": [
        12,
        27,
        516,
        27,
        12,
        0,
        516,
        0
      ],
      "nuv": [
        0.022727272727272728,
        0,
        0.9772727272727273,
        0,
        0.022727272727272728,
        0.5625,
        0.9772727272727273,
        0.5625
      ],
      "minPos": {
        "x": -252,
        "y": -13.5,
        "z": 0
      },
      "maxPos": {
        "x": 252,
        "y": 13.5,
        "z": 0
      }
    },
    "texture": "b382a22e-dad7-45c7-b23a-dfefdf1d1791@6c48a",
    "packable": true,
    "pixelsToUnit": 100,
    "pivot": {
      "x": 0.5,
      "y": 0.5
    },
    "meshType": 0
  }
}