{
  "__type__": "cc.SpriteFrame",
  "content": {
    "name": "4",
    "atlas": "",
    "rect": {
      "x": 19,
      "y": 37,
      "width": 299,
      "height": 11
    },
    "offset": {
      "x": 0.5,
      "y": -18.5
    },
    "originalSize": {
      "width": 336,
      "height": 48
    },
    "rotated": false,
    "capInsets": [
      0,
      0,
      0,
      0
    ],
    "vertices": {
      "rawPosition": [
        -149.5,
        -5.5,
        0,
        149.5,
        -5.5,
        0,
        -149.5,
        5.5,
        0,
        149.5,
        5.5,
        0
      ],
      "indexes": [
        0,
        1,
        2,
        2,
        1,
        3
      ],
      "uv": [
        19,
        11,
        318,
        11,
        19,
        0,
        318,
        0
      ],
      "nuv": [
        0.05654761904761905,
        0,
        0.9464285714285714,
        0,
        0.05654761904761905,
        0.22916666666666666,
        0.9464285714285714,
        0.22916666666666666
      ],
      "minPos": {
        "x": -149.5,
        "y": -5.5,
        "z": 0
      },
      "maxPos": {
        "x": 149.5,
        "y": 5.5,
        "z": 0
      }
    },
    "texture": "7161e9de-791f-42df-a1c5-452b047acf46@6c48a",
    "packable": true,
    "pixelsToUnit": 100,
    "pivot": {
      "x": 0.5,
      "y": 0.5
    },
    "meshType": 0
  }
}