{
  "__type__": "cc.SpriteFrame",
  "content": {
    "name": "5",
    "atlas": "",
    "rect": {
      "x": 2,
      "y": 2,
      "width": 108,
      "height": 12
    },
    "offset": {
      "x": 0,
      "y": 0
    },
    "originalSize": {
      "width": 112,
      "height": 16
    },
    "rotated": false,
    "capInsets": [
      0,
      0,
      0,
      0
    ],
    "vertices": {
      "rawPosition": [
        -54,
        -6,
        0,
        54,
        -6,
        0,
        -54,
        6,
        0,
        54,
        6,
        0
      ],
      "indexes": [
        0,
        1,
        2,
        2,
        1,
        3
      ],
      "uv": [
        2,
        14,
        110,
        14,
        2,
        2,
        110,
        2
      ],
      "nuv": [
        0.017857142857142856,
        0.125,
        0.9821428571428571,
        0.125,
        0.017857142857142856,
        0.875,
        0.9821428571428571,
        0.875
      ],
      "minPos": {
        "x": -54,
        "y": -6,
        "z": 0
      },
      "maxPos": {
        "x": 54,
        "y": 6,
        "z": 0
      }
    },
    "texture": "ff3904e0-e2b8-484d-8105-4fb5d5e43082@6c48a",
    "packable": true,
    "pixelsToUnit": 100,
    "pivot": {
      "x": 0.5,
      "y": 0.5
    },
    "meshType": 0
  }
}