{
  "__type__": "cc.SpriteFrame",
  "content": {
    "name": "End_Idle",
    "atlas": "",
    "rect": {
      "x": 7,
      "y": 13,
      "width": 434,
      "height": 51
    },
    "offset": {
      "x": 0,
      "y": -6.5
    },
    "originalSize": {
      "width": 448,
      "height": 64
    },
    "rotated": false,
    "capInsets": [
      0,
      0,
      0,
      0
    ],
    "vertices": {
      "rawPosition": [
        -217,
        -25.5,
        0,
        217,
        -25.5,
        0,
        -217,
        25.5,
        0,
        217,
        25.5,
        0
      ],
      "indexes": [
        0,
        1,
        2,
        2,
        1,
        3
      ],
      "uv": [
        7,
        51,
        441,
        51,
        7,
        0,
        441,
        0
      ],
      "nuv": [
        0.015625,
        0,
        0.984375,
        0,
        0.015625,
        0.796875,
        0.984375,
        0.796875
      ],
      "minPos": {
        "x": -217,
        "y": -25.5,
        "z": 0
      },
      "maxPos": {
        "x": 217,
        "y": 25.5,
        "z": 0
      }
    },
    "texture": "ab679952-d624-4462-943b-168f5422f573@6c48a",
    "packable": true,
    "pixelsToUnit": 100,
    "pivot": {
      "x": 0.5,
      "y": 0.5
    },
    "meshType": 0
  }
}