{
  "__type__": "cc.SpriteFrame",
  "content": {
    "name": "Run",
    "atlas": "",
    "rect": {
      "x": 13,
      "y": 16,
      "width": 551,
      "height": 32
    },
    "offset": {
      "x": 0.5,
      "y": -8
    },
    "originalSize": {
      "width": 576,
      "height": 48
    },
    "rotated": false,
    "capInsets": [
      0,
      0,
      0,
      0
    ],
    "vertices": {
      "rawPosition": [
        -275.5,
        -16,
        0,
        275.5,
        -16,
        0,
        -275.5,
        16,
        0,
        275.5,
        16,
        0
      ],
      "indexes": [
        0,
        1,
        2,
        2,
        1,
        3
      ],
      "uv": [
        13,
        32,
        564,
        32,
        13,
        0,
        564,
        0
      ],
      "nuv": [
        0.022569444444444444,
        0,
        0.9791666666666666,
        0,
        0.022569444444444444,
        0.6666666666666666,
        0.9791666666666666,
        0.6666666666666666
      ],
      "minPos": {
        "x": -275.5,
        "y": -16,
        "z": 0
      },
      "maxPos": {
        "x": 275.5,
        "y": 16,
        "z": 0
      }
    },
    "texture": "6d4d851d-4823-4fdd-bdb2-fa3b08e74c8e@6c48a",
    "packable": true,
    "pixelsToUnit": 100,
    "pivot": {
      "x": 0.5,
      "y": 0.5
    },
    "meshType": 0
  }
}