{
  "__type__": "cc.SpriteFrame",
  "content": {
    "name": "Idle",
    "atlas": "",
    "rect": {
      "x": 13,
      "y": 21,
      "width": 501,
      "height": 27
    },
    "offset": {
      "x": -0.5,
      "y": -10.5
    },
    "originalSize": {
      "width": 528,
      "height": 48
    },
    "rotated": false,
    "capInsets": [
      0,
      0,
      0,
      0
    ],
    "vertices": {
      "rawPosition": [
        -250.5,
        -13.5,
        0,
        250.5,
        -13.5,
        0,
        -250.5,
        13.5,
        0,
        250.5,
        13.5,
        0
      ],
      "indexes": [
        0,
        1,
        2,
        2,
        1,
        3
      ],
      "uv": [
        13,
        27,
        514,
        27,
        13,
        0,
        514,
        0
      ],
      "nuv": [
        0.02462121212121212,
        0,
        0.9734848484848485,
        0,
        0.02462121212121212,
        0.5625,
        0.9734848484848485,
        0.5625
      ],
      "minPos": {
        "x": -250.5,
        "y": -13.5,
        "z": 0
      },
      "maxPos": {
        "x": 250.5,
        "y": 13.5,
        "z": 0
      }
    },
    "texture": "6d7b4fa9-13d0-4bea-9183-744c67b2a603@6c48a",
    "packable": true,
    "pixelsToUnit": 100,
    "pivot": {
      "x": 0.5,
      "y": 0.5
    },
    "meshType": 0
  }
}