{
  "__type__": "cc.SpriteFrame",
  "content": {
    "name": "1_Hit",
    "atlas": "",
    "rect": {
      "x": 2,
      "y": 6,
      "width": 90,
      "height": 20
    },
    "offset": {
      "x": -1,
      "y": 0
    },
    "originalSize": {
      "width": 96,
      "height": 32
    },
    "rotated": false,
    "capInsets": [
      0,
      0,
      0,
      0
    ],
    "vertices": {
      "rawPosition": [
        -45,
        -10,
        0,
        45,
        -10,
        0,
        -45,
        10,
        0,
        45,
        10,
        0
      ],
      "indexes": [
        0,
        1,
        2,
        2,
        1,
        3
      ],
      "uv": [
        2,
        26,
        92,
        26,
        2,
        6,
        92,
        6
      ],
      "nuv": [
        0.020833333333333332,
        0.1875,
        0.9583333333333334,
        0.1875,
        0.020833333333333332,
        0.8125,
        0.9583333333333334,
        0.8125
      ],
      "minPos": {
        "x": -45,
        "y": -10,
        "z": 0
      },
      "maxPos": {
        "x": 45,
        "y": 10,
        "z": 0
      }
    },
    "texture": "ea537783-fe0d-4b61-95a5-79ff7f1362e4@6c48a",
    "packable": true,
    "pixelsToUnit": 100,
    "pivot": {
      "x": 0.5,
      "y": 0.5
    },
    "meshType": 0
  }
}