{
  "__type__": "cc.SpriteFrame",
  "content": {
    "name": "Run",
    "atlas": "",
    "rect": {
      "x": 38,
      "y": 22,
      "width": 813,
      "height": 26
    },
    "offset": {
      "x": 12.5,
      "y": -11
    },
    "originalSize": {
      "width": 864,
      "height": 48
    },
    "rotated": false,
    "capInsets": [
      0,
      0,
      0,
      0
    ],
    "vertices": {
      "rawPosition": [
        -406.5,
        -13,
        0,
        406.5,
        -13,
        0,
        -406.5,
        13,
        0,
        406.5,
        13,
        0
      ],
      "indexes": [
        0,
        1,
        2,
        2,
        1,
        3
      ],
      "uv": [
        38,
        26,
        851,
        26,
        38,
        0,
        851,
        0
      ],
      "nuv": [
        0.04398148148148148,
        0,
        0.9849537037037037,
        0,
        0.04398148148148148,
        0.5416666666666666,
        0.9849537037037037,
        0.5416666666666666
      ],
      "minPos": {
        "x": -406.5,
        "y": -13,
        "z": 0
      },
      "maxPos": {
        "x": 406.5,
        "y": 13,
        "z": 0
      }
    },
    "texture": "07503725-c4f5-44fe-ae39-9b65494e8ec5@6c48a",
    "packable": true,
    "pixelsToUnit": 100,
    "pivot": {
      "x": 0.5,
      "y": 0.5
    },
    "meshType": 0
  }
}