{
  "__type__": "cc.SpriteFrame",
  "content": {
    "name": "Idle",
    "atlas": "",
    "rect": {
      "x": 6,
      "y": 3,
      "width": 341,
      "height": 29
    },
    "offset": {
      "x": 0.5,
      "y": -1.5
    },
    "originalSize": {
      "width": 352,
      "height": 32
    },
    "rotated": false,
    "capInsets": [
      0,
      0,
      0,
      0
    ],
    "vertices": {
      "rawPosition": [
        -170.5,
        -14.5,
        0,
        170.5,
        -14.5,
        0,
        -170.5,
        14.5,
        0,
        170.5,
        14.5,
        0
      ],
      "indexes": [
        0,
        1,
        2,
        2,
        1,
        3
      ],
      "uv": [
        6,
        29,
        347,
        29,
        6,
        0,
        347,
        0
      ],
      "nuv": [
        0.017045454545454544,
        0,
        0.9857954545454546,
        0,
        0.017045454545454544,
        0.90625,
        0.9857954545454546,
        0.90625
      ],
      "minPos": {
        "x": -170.5,
        "y": -14.5,
        "z": 0
      },
      "maxPos": {
        "x": 170.5,
        "y": 14.5,
        "z": 0
      }
    },
    "texture": "8d64984e-38fc-4943-8b95-fdf3c1238383@6c48a",
    "packable": true,
    "pixelsToUnit": 100,
    "pivot": {
      "x": 0.5,
      "y": 0.5
    },
    "meshType": 0
  }
}