{
  "__type__": "cc.SpriteFrame",
  "content": {
    "name": "Number_01",
    "atlas": "",
    "rect": {
      "x": 6,
      "y": 5,
      "width": 5,
      "height": 7
    },
    "offset": {
      "x": 0,
      "y": 0
    },
    "originalSize": {
      "width": 17,
      "height": 17
    },
    "rotated": false,
    "capInsets": [
      0,
      0,
      0,
      0
    ],
    "vertices": {
      "rawPosition": [
        -2.5,
        -3.5,
        0,
        2.5,
        -3.5,
        0,
        -2.5,
        3.5,
        0,
        2.5,
        3.5,
        0
      ],
      "indexes": [
        0,
        1,
        2,
        2,
        1,
        3
      ],
      "uv": [
        6,
        12,
        11,
        12,
        6,
        5,
        11,
        5
      ],
      "nuv": [
        0.35294117647058826,
        0.29411764705882354,
        0.6470588235294118,
        0.29411764705882354,
        0.35294117647058826,
        0.7058823529411765,
        0.6470588235294118,
        0.7058823529411765
      ],
      "minPos": {
        "x": -2.5,
        "y": -3.5,
        "z": 0
      },
      "maxPos": {
        "x": 2.5,
        "y": 3.5,
        "z": 0
      }
    },
    "texture": "0099da23-27a9-412b-ae31-31c4b5fa98de@6c48a",
    "packable": true,
    "pixelsToUnit": 100,
    "pivot": {
      "x": 0.5,
      "y": 0.5
    },
    "meshType": 0
  }
}