{
  "__type__": "cc.SpriteFrame",
  "content": {
    "name": "Fall",
    "atlas": "",
    "rect": {
      "x": 11,
      "y": 19,
      "width": 26,
      "height": 29
    },
    "offset": {
      "x": 0,
      "y": -9.5
    },
    "originalSize": {
      "width": 48,
      "height": 48
    },
    "rotated": false,
    "capInsets": [
      0,
      0,
      0,
      0
    ],
    "vertices": {
      "rawPosition": [
        -13,
        -14.5,
        0,
        13,
        -14.5,
        0,
        -13,
        14.5,
        0,
        13,
        14.5,
        0
      ],
      "indexes": [
        0,
        1,
        2,
        2,
        1,
        3
      ],
      "uv": [
        11,
        29,
        37,
        29,
        11,
        0,
        37,
        0
      ],
      "nuv": [
        0.22916666666666666,
        0,
        0.7708333333333334,
        0,
        0.22916666666666666,
        0.6041666666666666,
        0.7708333333333334,
        0.6041666666666666
      ],
      "minPos": {
        "x": -13,
        "y": -14.5,
        "z": 0
      },
      "maxPos": {
        "x": 13,
        "y": 14.5,
        "z": 0
      }
    },
    "texture": "ad21fa5a-adae-4e70-b00b-c1b35ebcc1b8@6c48a",
    "packable": true,
    "pixelsToUnit": 100,
    "pivot": {
      "x": 0.5,
      "y": 0.5
    },
    "meshType": 0
  }
}