{
  "__type__": "cc.SpriteFrame",
  "content": {
    "name": "Hit",
    "atlas": "",
    "rect": {
      "x": 7,
      "y": 4,
      "width": 223,
      "height": 30
    },
    "offset": {
      "x": -1.5,
      "y": 5
    },
    "originalSize": {
      "width": 240,
      "height": 48
    },
    "rotated": false,
    "capInsets": [
      0,
      0,
      0,
      0
    ],
    "vertices": {
      "rawPosition": [
        -111.5,
        -15,
        0,
        111.5,
        -15,
        0,
        -111.5,
        15,
        0,
        111.5,
        15,
        0
      ],
      "indexes": [
        0,
        1,
        2,
        2,
        1,
        3
      ],
      "uv": [
        7,
        44,
        230,
        44,
        7,
        14,
        230,
        14
      ],
      "nuv": [
        0.029166666666666667,
        0.2916666666666667,
        0.9583333333333334,
        0.2916666666666667,
        0.029166666666666667,
        0.9166666666666666,
        0.9583333333333334,
        0.9166666666666666
      ],
      "minPos": {
        "x": -111.5,
        "y": -15,
        "z": 0
      },
      "maxPos": {
        "x": 111.5,
        "y": 15,
        "z": 0
      }
    },
    "texture": "ad411c85-7d2e-4358-af70-d912bccc385b@6c48a",
    "packable": true,
    "pixelsToUnit": 100,
    "pivot": {
      "x": 0.5,
      "y": 0.5
    },
    "meshType": 0
  }
}