{
  "__type__": "cc.SpriteFrame",
  "content": {
    "name": "Icon_12",
    "atlas": "",
    "rect": {
      "x": 6,
      "y": 4,
      "width": 5,
      "height": 9
    },
    "offset": {
      "x": 0,
      "y": 0
    },
    "originalSize": {
      "width": 17,
      "height": 17
    },
    "rotated": false,
    "capInsets": [
      0,
      0,
      0,
      0
    ],
    "vertices": {
      "rawPosition": [
        -2.5,
        -4.5,
        0,
        2.5,
        -4.5,
        0,
        -2.5,
        4.5,
        0,
        2.5,
        4.5,
        0
      ],
      "indexes": [
        0,
        1,
        2,
        2,
        1,
        3
      ],
      "uv": [
        6,
        13,
        11,
        13,
        6,
        4,
        11,
        4
      ],
      "nuv": [
        0.35294117647058826,
        0.23529411764705882,
        0.6470588235294118,
        0.23529411764705882,
        0.35294117647058826,
        0.7647058823529411,
        0.6470588235294118,
        0.7647058823529411
      ],
      "minPos": {
        "x": -2.5,
        "y": -4.5,
        "z": 0
      },
      "maxPos": {
        "x": 2.5,
        "y": 4.5,
        "z": 0
      }
    },
    "texture": "991a9a25-b0a1-4512-9c87-17a18852bdcb@6c48a",
    "packable": true,
    "pixelsToUnit": 100,
    "pivot": {
      "x": 0.5,
      "y": 0.5
    },
    "meshType": 0
  }
}