{
  "__type__": "cc.SpriteFrame",
  "content": {
    "name": "Hit",
    "atlas": "",
    "rect": {
      "x": 8,
      "y": 0,
      "width": 212,
      "height": 32
    },
    "offset": {
      "x": 2,
      "y": 0
    },
    "originalSize": {
      "width": 224,
      "height": 32
    },
    "rotated": false,
    "capInsets": [
      0,
      0,
      0,
      0
    ],
    "vertices": {
      "rawPosition": [
        -106,
        -16,
        0,
        106,
        -16,
        0,
        -106,
        16,
        0,
        106,
        16,
        0
      ],
      "indexes": [
        0,
        1,
        2,
        2,
        1,
        3
      ],
      "uv": [
        8,
        32,
        220,
        32,
        8,
        0,
        220,
        0
      ],
      "nuv": [
        0.03571428571428571,
        0,
        0.9821428571428571,
        0,
        0.03571428571428571,
        1,
        0.9821428571428571,
        1
      ],
      "minPos": {
        "x": -106,
        "y": -16,
        "z": 0
      },
      "maxPos": {
        "x": 106,
        "y": 16,
        "z": 0
      }
    },
    "texture": "88185b8e-df36-4a30-9d2c-a0c59a8125af@6c48a",
    "packable": true,
    "pixelsToUnit": 100,
    "pivot": {
      "x": 0.5,
      "y": 0.5
    },
    "meshType": 0
  }
}