{
  "__type__": "cc.SpriteFrame",
  "content": {
    "name": "spike",
    "atlas": "",
    "rect": {
      "x": 3,
      "y": 2,
      "width": 78,
      "height": 14
    },
    "offset": {
      "x": 0,
      "y": -1
    },
    "originalSize": {
      "width": 84,
      "height": 16
    },
    "rotated": false,
    "capInsets": [
      0,
      0,
      0,
      0
    ],
    "vertices": {
      "rawPosition": [
        -39,
        -7,
        0,
        39,
        -7,
        0,
        -39,
        7,
        0,
        39,
        7,
        0
      ],
      "indexes": [
        0,
        1,
        2,
        2,
        1,
        3
      ],
      "uv": [
        3,
        14,
        81,
        14,
        3,
        0,
        81,
        0
      ],
      "nuv": [
        0.03571428571428571,
        0,
        0.9642857142857143,
        0,
        0.03571428571428571,
        0.875,
        0.9642857142857143,
        0.875
      ],
      "minPos": {
        "x": -39,
        "y": -7,
        "z": 0
      },
      "maxPos": {
        "x": 39,
        "y": 7,
        "z": 0
      }
    },
    "texture": "08e43a3e-c7b3-4a7d-9a3c-245aefa2da87@6c48a",
    "packable": true,
    "pixelsToUnit": 100,
    "pivot": {
      "x": 0.5,
      "y": 0.5
    },
    "meshType": 0
  }
}