{
  "__type__": "cc.SpriteFrame",
  "content": {
    "name": "Idle",
    "atlas": "",
    "rect": {
      "x": 3,
      "y": 5,
      "width": 23,
      "height": 28
    },
    "offset": {
      "x": -1.5,
      "y": -2.5
    },
    "originalSize": {
      "width": 32,
      "height": 33
    },
    "rotated": false,
    "capInsets": [
      0,
      0,
      0,
      0
    ],
    "vertices": {
      "rawPosition": [
        -11.5,
        -14,
        0,
        11.5,
        -14,
        0,
        -11.5,
        14,
        0,
        11.5,
        14,
        0
      ],
      "indexes": [
        0,
        1,
        2,
        2,
        1,
        3
      ],
      "uv": [
        3,
        28,
        26,
        28,
        3,
        0,
        26,
        0
      ],
      "nuv": [
        0.09375,
        0,
        0.8125,
        0,
        0.09375,
        0.8484848484848485,
        0.8125,
        0.8484848484848485
      ],
      "minPos": {
        "x": -11.5,
        "y": -14,
        "z": 0
      },
      "maxPos": {
        "x": 11.5,
        "y": 14,
        "z": 0
      }
    },
    "texture": "867ab3ec-6031-43da-b0c9-9485c9c59a02@6c48a",
    "packable": true,
    "pixelsToUnit": 100,
    "pivot": {
      "x": 0.5,
      "y": 0.5
    },
    "meshType": 0
  }
}