{
  "__type__": "cc.SpriteFrame",
  "content": {
    "name": "5",
    "atlas": "",
    "rect": {
      "x": 8,
      "y": 20,
      "width": 317,
      "height": 28
    },
    "offset": {
      "x": -1.5,
      "y": -10
    },
    "originalSize": {
      "width": 336,
      "height": 48
    },
    "rotated": false,
    "capInsets": [
      0,
      0,
      0,
      0
    ],
    "vertices": {
      "rawPosition": [
        -158.5,
        -14,
        0,
        158.5,
        -14,
        0,
        -158.5,
        14,
        0,
        158.5,
        14,
        0
      ],
      "indexes": [
        0,
        1,
        2,
        2,
        1,
        3
      ],
      "uv": [
        8,
        28,
        325,
        28,
        8,
        0,
        325,
        0
      ],
      "nuv": [
        0.023809523809523808,
        0,
        0.9672619047619048,
        0,
        0.023809523809523808,
        0.5833333333333334,
        0.9672619047619048,
        0.5833333333333334
      ],
      "minPos": {
        "x": -158.5,
        "y": -14,
        "z": 0
      },
      "maxPos": {
        "x": 158.5,
        "y": 14,
        "z": 0
      }
    },
    "texture": "38e2c300-ac5d-464c-8dc3-6674d7e2a624@6c48a",
    "packable": true,
    "pixelsToUnit": 100,
    "pivot": {
      "x": 0.5,
      "y": 0.5
    },
    "meshType": 0
  }
}