{
  "__type__": "cc.SpriteFrame",
  "content": {
    "name": "3",
    "atlas": "",
    "rect": {
      "x": 8,
      "y": 12,
      "width": 319,
      "height": 36
    },
    "offset": {
      "x": -0.5,
      "y": -6
    },
    "originalSize": {
      "width": 336,
      "height": 48
    },
    "rotated": false,
    "capInsets": [
      0,
      0,
      0,
      0
    ],
    "vertices": {
      "rawPosition": [
        -159.5,
        -18,
        0,
        159.5,
        -18,
        0,
        -159.5,
        18,
        0,
        159.5,
        18,
        0
      ],
      "indexes": [
        0,
        1,
        2,
        2,
        1,
        3
      ],
      "uv": [
        8,
        36,
        327,
        36,
        8,
        0,
        327,
        0
      ],
      "nuv": [
        0.023809523809523808,
        0,
        0.9732142857142857,
        0,
        0.023809523809523808,
        0.75,
        0.9732142857142857,
        0.75
      ],
      "minPos": {
        "x": -159.5,
        "y": -18,
        "z": 0
      },
      "maxPos": {
        "x": 159.5,
        "y": 18,
        "z": 0
      }
    },
    "texture": "cc4f1795-2db1-49bd-ad43-a3e170449b77@6c48a",
    "packable": true,
    "pixelsToUnit": 100,
    "pivot": {
      "x": 0.5,
      "y": 0.5
    },
    "meshType": 0
  }
}