{
  "__type__": "cc.SpriteFrame",
  "content": {
    "name": "Number_13",
    "atlas": "",
    "rect": {
      "x": 3,
      "y": 5,
      "width": 11,
      "height": 7
    },
    "offset": {
      "x": 0,
      "y": 0
    },
    "originalSize": {
      "width": 17,
      "height": 17
    },
    "rotated": false,
    "capInsets": [
      0,
      0,
      0,
      0
    ],
    "vertices": {
      "rawPosition": [
        -5.5,
        -3.5,
        0,
        5.5,
        -3.5,
        0,
        -5.5,
        3.5,
        0,
        5.5,
        3.5,
        0
      ],
      "indexes": [
        0,
        1,
        2,
        2,
        1,
        3
      ],
      "uv": [
        3,
        12,
        14,
        12,
        3,
        5,
        14,
        5
      ],
      "nuv": [
        0.17647058823529413,
        0.29411764705882354,
        0.8235294117647058,
        0.29411764705882354,
        0.17647058823529413,
        0.7058823529411765,
        0.8235294117647058,
        0.7058823529411765
      ],
      "minPos": {
        "x": -5.5,
        "y": -3.5,
        "z": 0
      },
      "maxPos": {
        "x": 5.5,
        "y": 3.5,
        "z": 0
      }
    },
    "texture": "cf3b9349-61d3-4b54-ad43-effa7f9c4c28@6c48a",
    "packable": true,
    "pixelsToUnit": 100,
    "pivot": {
      "x": 0.5,
      "y": 0.5
    },
    "meshType": 0
  }
}