{
  "__type__": "cc.SpriteFrame",
  "content": {
    "name": "Icon_15",
    "atlas": "",
    "rect": {
      "x": 5,
      "y": 4,
      "width": 7,
      "height": 9
    },
    "offset": {
      "x": 0,
      "y": 0
    },
    "originalSize": {
      "width": 17,
      "height": 17
    },
    "rotated": false,
    "capInsets": [
      0,
      0,
      0,
      0
    ],
    "vertices": {
      "rawPosition": [
        -3.5,
        -4.5,
        0,
        3.5,
        -4.5,
        0,
        -3.5,
        4.5,
        0,
        3.5,
        4.5,
        0
      ],
      "indexes": [
        0,
        1,
        2,
        2,
        1,
        3
      ],
      "uv": [
        5,
        13,
        12,
        13,
        5,
        4,
        12,
        4
      ],
      "nuv": [
        0.29411764705882354,
        0.23529411764705882,
        0.7058823529411765,
        0.23529411764705882,
        0.29411764705882354,
        0.7647058823529411,
        0.7058823529411765,
        0.7647058823529411
      ],
      "minPos": {
        "x": -3.5,
        "y": -4.5,
        "z": 0
      },
      "maxPos": {
        "x": 3.5,
        "y": 4.5,
        "z": 0
      }
    },
    "texture": "4317f99a-4f4c-4ebb-8d82-413026e649d9@6c48a",
    "packable": true,
    "pixelsToUnit": 100,
    "pivot": {
      "x": 0.5,
      "y": 0.5
    },
    "meshType": 0
  }
}