{
  "__type__": "cc.SpriteFrame",
  "content": {
    "name": "3",
    "atlas": "",
    "rect": {
      "x": 2,
      "y": 1,
      "width": 108,
      "height": 14
    },
    "offset": {
      "x": 0,
      "y": 0
    },
    "originalSize": {
      "width": 112,
      "height": 16
    },
    "rotated": false,
    "capInsets": [
      0,
      0,
      0,
      0
    ],
    "vertices": {
      "rawPosition": [
        -54,
        -7,
        0,
        54,
        -7,
        0,
        -54,
        7,
        0,
        54,
        7,
        0
      ],
      "indexes": [
        0,
        1,
        2,
        2,
        1,
        3
      ],
      "uv": [
        2,
        15,
        110,
        15,
        2,
        1,
        110,
        1
      ],
      "nuv": [
        0.017857142857142856,
        0.0625,
        0.9821428571428571,
        0.0625,
        0.017857142857142856,
        0.9375,
        0.9821428571428571,
        0.9375
      ],
      "minPos": {
        "x": -54,
        "y": -7,
        "z": 0
      },
      "maxPos": {
        "x": 54,
        "y": 7,
        "z": 0
      }
    },
    "texture": "52788a09-949e-4d2a-9841-1cb81f751858@6c48a",
    "packable": true,
    "pixelsToUnit": 100,
    "pivot": {
      "x": 0.5,
      "y": 0.5
    },
    "meshType": 0
  }
}