{
  "__type__": "cc.SpriteFrame",
  "content": {
    "name": "Checkpoint_No_Flag",
    "atlas": "",
    "rect": {
      "x": 19,
      "y": 2,
      "width": 10,
      "height": 46
    },
    "offset": {
      "x": 0,
      "y": -1
    },
    "originalSize": {
      "width": 48,
      "height": 48
    },
    "rotated": false,
    "capInsets": [
      0,
      0,
      0,
      0
    ],
    "vertices": {
      "rawPosition": [
        -5,
        -23,
        0,
        5,
        -23,
        0,
        -5,
        23,
        0,
        5,
        23,
        0
      ],
      "indexes": [
        0,
        1,
        2,
        2,
        1,
        3
      ],
      "uv": [
        19,
        46,
        29,
        46,
        19,
        0,
        29,
        0
      ],
      "nuv": [
        0.3958333333333333,
        0,
        0.6041666666666666,
        0,
        0.3958333333333333,
        0.9583333333333334,
        0.6041666666666666,
        0.9583333333333334
      ],
      "minPos": {
        "x": -5,
        "y": -23,
        "z": 0
      },
      "maxPos": {
        "x": 5,
        "y": 23,
        "z": 0
      }
    },
    "texture": "a68e3e58-075a-49b0-a197-882688d2eb00@6c48a",
    "packable": true,
    "pixelsToUnit": 100,
    "pivot": {
      "x": 0.5,
      "y": 0.5
    },
    "meshType": 0
  }
}