{
  "__type__": "cc.SpriteFrame",
  "content": {
    "name": "Walk",
    "atlas": "",
    "rect": {
      "x": 14,
      "y": 17,
      "width": 549,
      "height": 31
    },
    "offset": {
      "x": 0.5,
      "y": -8.5
    },
    "originalSize": {
      "width": 576,
      "height": 48
    },
    "rotated": false,
    "capInsets": [
      0,
      0,
      0,
      0
    ],
    "vertices": {
      "rawPosition": [
        -274.5,
        -15.5,
        0,
        274.5,
        -15.5,
        0,
        -274.5,
        15.5,
        0,
        274.5,
        15.5,
        0
      ],
      "indexes": [
        0,
        1,
        2,
        2,
        1,
        3
      ],
      "uv": [
        14,
        31,
        563,
        31,
        14,
        0,
        563,
        0
      ],
      "nuv": [
        0.024305555555555556,
        0,
        0.9774305555555556,
        0,
        0.024305555555555556,
        0.6458333333333334,
        0.9774305555555556,
        0.6458333333333334
      ],
      "minPos": {
        "x": -274.5,
        "y": -15.5,
        "z": 0
      },
      "maxPos": {
        "x": 274.5,
        "y": 15.5,
        "z": 0
      }
    },
    "texture": "62012df7-b785-4b99-817e-e25a0248727c@6c48a",
    "packable": true,
    "pixelsToUnit": 100,
    "pivot": {
      "x": 0.5,
      "y": 0.5
    },
    "meshType": 0
  }
}