{
  "__type__": "cc.SpriteFrame",
  "content": {
    "name": "Double_Jump",
    "atlas": "",
    "rect": {
      "x": 3,
      "y": 3,
      "width": 186,
      "height": 26
    },
    "offset": {
      "x": 0,
      "y": 0
    },
    "originalSize": {
      "width": 192,
      "height": 32
    },
    "rotated": false,
    "capInsets": [
      0,
      0,
      0,
      0
    ],
    "vertices": {
      "rawPosition": [
        -93,
        -13,
        0,
        93,
        -13,
        0,
        -93,
        13,
        0,
        93,
        13,
        0
      ],
      "indexes": [
        0,
        1,
        2,
        2,
        1,
        3
      ],
      "uv": [
        3,
        29,
        189,
        29,
        3,
        3,
        189,
        3
      ],
      "nuv": [
        0.015625,
        0.09375,
        0.984375,
        0.09375,
        0.015625,
        0.90625,
        0.984375,
        0.90625
      ],
      "minPos": {
        "x": -93,
        "y": -13,
        "z": 0
      },
      "maxPos": {
        "x": 93,
        "y": 13,
        "z": 0
      }
    },
    "texture": "2a9ee16f-2616-4de5-b18c-0616260e7b1c@6c48a",
    "packable": true,
    "pixelsToUnit": 100,
    "pivot": {
      "x": 0.5,
      "y": 0.5
    },
    "meshType": 0
  }
}