{
  "__type__": "cc.SpriteFrame",
  "content": {
    "name": "Attack",
    "atlas": "",
    "rect": {
      "x": 9,
      "y": 2,
      "width": 365,
      "height": 46
    },
    "offset": {
      "x": -0.5,
      "y": -1
    },
    "originalSize": {
      "width": 384,
      "height": 48
    },
    "rotated": false,
    "capInsets": [
      0,
      0,
      0,
      0
    ],
    "vertices": {
      "rawPosition": [
        -182.5,
        -23,
        0,
        182.5,
        -23,
        0,
        -182.5,
        23,
        0,
        182.5,
        23,
        0
      ],
      "indexes": [
        0,
        1,
        2,
        2,
        1,
        3
      ],
      "uv": [
        9,
        46,
        374,
        46,
        9,
        0,
        374,
        0
      ],
      "nuv": [
        0.0234375,
        0,
        0.9739583333333334,
        0,
        0.0234375,
        0.9583333333333334,
        0.9739583333333334,
        0.9583333333333334
      ],
      "minPos": {
        "x": -182.5,
        "y": -23,
        "z": 0
      },
      "maxPos": {
        "x": 182.5,
        "y": 23,
        "z": 0
      }
    },
    "texture": "09a65888-f274-4779-98b0-7c35acaa5970@6c48a",
    "packable": true,
    "pixelsToUnit": 100,
    "pivot": {
      "x": 0.5,
      "y": 0.5
    },
    "meshType": 0
  }
}