{
  "__type__": "cc.SpriteFrame",
  "content": {
    "name": "jumper",
    "atlas": "",
    "rect": {
      "x": 2,
      "y": 2,
      "width": 112,
      "height": 52
    },
    "offset": {
      "x": 0,
      "y": -1
    },
    "originalSize": {
      "width": 116,
      "height": 54
    },
    "rotated": false,
    "capInsets": [
      0,
      0,
      0,
      0
    ],
    "vertices": {
      "rawPosition": [
        -56,
        -26,
        0,
        56,
        -26,
        0,
        -56,
        26,
        0,
        56,
        26,
        0
      ],
      "indexes": [
        0,
        1,
        2,
        2,
        1,
        3
      ],
      "uv": [
        2,
        52,
        114,
        52,
        2,
        0,
        114,
        0
      ],
      "nuv": [
        0.017241379310344827,
        0,
        0.9827586206896551,
        0,
        0.017241379310344827,
        0.9629629629629629,
        0.9827586206896551,
        0.9629629629629629
      ],
      "minPos": {
        "x": -56,
        "y": -26,
        "z": 0
      },
      "maxPos": {
        "x": 56,
        "y": 26,
        "z": 0
      }
    },
    "texture": "d6a2cb1a-cd84-49eb-88f6-a26e9673671d@6c48a",
    "packable": true,
    "pixelsToUnit": 100,
    "pivot": {
      "x": 0.5,
      "y": 0.5
    },
    "meshType": 0
  }
}