{
  "__type__": "cc.SpriteFrame",
  "content": {
    "name": "6",
    "atlas": "",
    "rect": {
      "x": 18,
      "y": 0,
      "width": 309,
      "height": 48
    },
    "offset": {
      "x": 4.5,
      "y": 0
    },
    "originalSize": {
      "width": 336,
      "height": 48
    },
    "rotated": false,
    "capInsets": [
      0,
      0,
      0,
      0
    ],
    "vertices": {
      "rawPosition": [
        -154.5,
        -24,
        0,
        154.5,
        -24,
        0,
        -154.5,
        24,
        0,
        154.5,
        24,
        0
      ],
      "indexes": [
        0,
        1,
        2,
        2,
        1,
        3
      ],
      "uv": [
        18,
        48,
        327,
        48,
        18,
        0,
        327,
        0
      ],
      "nuv": [
        0.05357142857142857,
        0,
        0.9732142857142857,
        0,
        0.05357142857142857,
        1,
        0.9732142857142857,
        1
      ],
      "minPos": {
        "x": -154.5,
        "y": -24,
        "z": 0
      },
      "maxPos": {
        "x": 154.5,
        "y": 24,
        "z": 0
      }
    },
    "texture": "5c52af6e-49df-4f76-93f2-3abb95dcc475@6c48a",
    "packable": true,
    "pixelsToUnit": 100,
    "pivot": {
      "x": 0.5,
      "y": 0.5
    },
    "meshType": 0
  }
}