{
  "__type__": "cc.SpriteFrame",
  "content": {
    "name": "bridge",
    "atlas": "",
    "rect": {
      "x": 2,
      "y": 2,
      "width": 116,
      "height": 30
    },
    "offset": {
      "x": 0,
      "y": -1
    },
    "originalSize": {
      "width": 120,
      "height": 32
    },
    "rotated": false,
    "capInsets": [
      0,
      0,
      0,
      0
    ],
    "vertices": {
      "rawPosition": [
        -58,
        -15,
        0,
        58,
        -15,
        0,
        -58,
        15,
        0,
        58,
        15,
        0
      ],
      "indexes": [
        0,
        1,
        2,
        2,
        1,
        3
      ],
      "uv": [
        2,
        30,
        118,
        30,
        2,
        0,
        118,
        0
      ],
      "nuv": [
        0.016666666666666666,
        0,
        0.9833333333333333,
        0,
        0.016666666666666666,
        0.9375,
        0.9833333333333333,
        0.9375
      ],
      "minPos": {
        "x": -58,
        "y": -15,
        "z": 0
      },
      "maxPos": {
        "x": 58,
        "y": 15,
        "z": 0
      }
    },
    "texture": "560eb254-5fad-4032-9890-a5e3cb7d476e@6c48a",
    "packable": true,
    "pixelsToUnit": 100,
    "pivot": {
      "x": 0.5,
      "y": 0.5
    },
    "meshType": 0
  }
}