{
  "__type__": "cc.SpriteFrame",
  "content": {
    "name": "Wall_Jump",
    "atlas": "",
    "rect": {
      "x": 4,
      "y": 3,
      "width": 149,
      "height": 27
    },
    "offset": {
      "x": -1.5,
      "y": -0.5
    },
    "originalSize": {
      "width": 160,
      "height": 32
    },
    "rotated": false,
    "capInsets": [
      0,
      0,
      0,
      0
    ],
    "vertices": {
      "rawPosition": [
        -74.5,
        -13.5,
        0,
        74.5,
        -13.5,
        0,
        -74.5,
        13.5,
        0,
        74.5,
        13.5,
        0
      ],
      "indexes": [
        0,
        1,
        2,
        2,
        1,
        3
      ],
      "uv": [
        4,
        29,
        153,
        29,
        4,
        2,
        153,
        2
      ],
      "nuv": [
        0.025,
        0.0625,
        0.95625,
        0.0625,
        0.025,
        0.90625,
        0.95625,
        0.90625
      ],
      "minPos": {
        "x": -74.5,
        "y": -13.5,
        "z": 0
      },
      "maxPos": {
        "x": 74.5,
        "y": 13.5,
        "z": 0
      }
    },
    "texture": "4654fc7d-9599-409c-8ef2-e591066e40c7@6c48a",
    "packable": true,
    "pixelsToUnit": 100,
    "pivot": {
      "x": 0.5,
      "y": 0.5
    },
    "meshType": 0
  }
}